ID,population,RBN,CL,RL,DTF3,FT16,FT10
88,0,2.3534,8.9488,33.4225,60.9184,60.8343,69.0711
108,0,4.2606,7.9995,36.4293,62.5893,62.4971,77.5109
139,0,,7.6379,40.6687,63.1061,63.0229,76.3574
159,0,4.4817,8.1127,46.6716,67.0934,66.992,79.5278
265,1,,8.8147,24.7254,51.0615,51.1115,66.2468
350,0,4.5338,9.4582,31.4684,61.9052,61.8177,76.1232
351,0,3.2399,12.4314,40.7536,75.5705,75.4798,76.8509
403,2,3.4065,8.4687,39.7284,64.933,63.9997,69.6666
410,2,5.852,9.9479,44.7783,75.9292,75.0033,82.0639
424,2,3.8153,11.0251,48.6161,78.8063,77.8644,89.0144
428,2,3.8712,9.4762,38.0339,69.7026,68.7749,81.7341
430,2,4.4282,6.7299,40.2354,65.6402,64.7095,97.8687
630,0,4.2991,11.848,44.2649,69.0998,69.0093,81.063
763,3,3.7134,5.5549,20.0178,41.8944,41.5684,68.9397
765,3,4.2787,4.9235,18.078,39.6368,39.3151,60.2394
766,3,4.3591,5.7628,22.817,44.669,44.3535,66.8553
768,3,4.6616,11.018,35.6488,80.6973,80.3728,79.4062
772,3,4.8928,6.2173,23.1113,46.3986,46.0763,70.6826
801,4,3.1644,16.3376,67.192,98.3025,98.2752,99.6853
870,4,,9.6384,47.3447,72.5949,72.5128,77.924
915,4,4.1043,7.6676,26.6605,53.8172,53.7839,69.3136
932,0,,12.4214,55.184,78.9591,78.8901,85.3426
991,5,4.4292,22.8285,69.4425,93.3659,93.0147,98.4229
992,5,5.5224,12.5539,67.2276,86.6439,86.3024,103.6331
997,5,,14.9133,53.8855,74.2846,73.9446,89.232
1002,5,3.0259,10.0299,66.972,73.1486,72.8025,90.8552
1061,5,4.2599,18.4853,45.0398,81.3981,81.0438,85.855
1062,5,,13.5209,37.9449,55.1938,54.8356,82.136
1063,5,,7.7885,28.0993,51.1215,50.7776,72.1809
1066,5,,,,,,115.2724
1158,5,,12.4915,37.5641,74.732,74.38,86.7125
1254,6,3.9254,10.7451,27.915,75.7954,75.6858,73.57
1257,6,,9.0643,35.9445,63.213,63.0949,76.0286
1317,1,,12.3347,50.657,105.3533,105.395,106.2924
1552,6,2.8656,12.8158,80.9282,85.1893,85.0674,85.4917
1829,4,2.8545,10.4483,68.2462,108.9287,108.8919,99.667
1853,4,4.9578,10.5374,49.8564,79.6002,79.5736,77.0271
1872,4,,12.3461,61.8322,92.6489,92.6315,85.6158
1890,3,4.2017,11.5856,52.8482,78.4474,78.1094,103.6193
1925,4,2.0435,12.6756,52.6466,99.616,99.5945,94.735
1954,4,6.8566,13.4537,56.5389,110.8601,110.8198,97.9302
2016,1,1.9646,10.4696,50.0302,73.3766,73.4197,79.9975
2171,4,1.722,14.9355,60.4188,92.5336,92.5094,84.3606
2202,1,1.7725,12.5921,64.2062,99.8379,99.8854,99.7591
2276,1,2.6311,12.8354,61.3676,87.6392,87.6672,85.1521
2278,4,2.0964,10.0683,37.8714,95.0843,95.0466,84.5976
2317,1,,9.5179,29.6257,57.1999,57.2297,79.2951
4779,0,2.2207,7.0647,27.0535,60.7086,60.6147,76.3443
4807,0,3.4472,14.8199,65.6139,97.5859,97.5011,87.181
4826,0,2.7528,8.9196,37.5699,61.3836,61.2866,67.7542
4884,0,4.5428,10.5293,35.5533,59.8827,59.7708,77.6819
4900,0,3.4061,8.4491,37.7857,60.6174,60.5159,78.367
4958,0,2.8895,12.5501,82.8824,110.2199,110.1211,98.4246
5023,0,3.3129,8.2611,26.8471,54.2226,54.1338,68.7747
5104,4,2.4682,4.2742,21.1703,51.0065,50.9773,65.5374
5151,1,,10.6828,56.7569,77.1715,77.2261,84.0719
5165,1,4.8005,14.5885,56.0086,85.121,85.1514,88.6288
5210,0,5.5338,12.7494,55.5796,88.1931,88.0963,103.129
5236,0,3.2465,6.9263,25.8289,53.9981,53.9039,66.326
5253,0,1.8186,4.7791,16.9467,48.5266,48.423,70.4561
5276,0,2.3054,8.6453,29.6781,60.1362,60.0448,81.8254
5349,0,4.7321,15.1389,57.6459,107.2882,107.1823,99.1202
5353,0,4.9912,9.7326,47.1338,72.6153,72.5185,78.3114
5486,4,1.8113,4.8854,21.6318,47.7829,47.7381,65.9964
5577,0,,7.3172,33.2942,61.3103,61.2062,74.2939
5644,0,4.2425,6.9024,24.1292,56.6773,56.5892,68.522
5720,1,3.3042,9.3181,38.6903,66.9254,66.9787,94.0666
5726,0,4.4021,8.0043,33.6812,58.4343,58.3454,81.3663
5741,0,3.8462,13.9188,64.4416,98.5924,98.5046,104.3273
5748,4,7.1621,7.0254,23.2558,52.0687,52.0476,66.4051
5757,1,4.4814,12.8179,35.7472,70.1349,70.181,89.7112
5768,1,,11.103,44.9164,88.3043,88.3425,98.1984
5772,1,5.7165,8.6994,31.2423,52.651,52.6968,69.2551
5779,0,8.6919,17.9115,42.5297,77.2519,77.1551,97.6776
5784,1,6.226,12.8825,42.1107,72.8276,72.8735,103.6962
5800,4,3.6205,5.9944,20.1916,49.444,49.4212,67.4103
5811,1,2.5403,8.0099,27.0507,49.7482,49.7947,74.4723
5822,1,4.8244,6.6459,,114.1257,114.1631,114.4712
5830,5,,7.3198,39.5066,62.1735,61.8298,85.718
5831,5,5.7962,9.0602,48.6267,79.7641,79.4231,87.524
5832,5,5.4461,8.9893,38.646,74.1264,73.7829,76.7407
5837,2,,8.9696,38.0607,65.961,65.0381,86.343
5856,6,3.9362,,,,,99.9609
5865,5,4.609,7.9134,44.9949,87.6841,87.3372,97.6732
5867,5,,,,,,117.953
5874,2,4.4657,11.1534,50.8553,79.8204,78.8956,83.9301
5890,2,4.3733,10.4115,37.4031,65.9854,65.0514,84.1573
5893,2,,10.9667,47.1823,74.8547,73.9138,79.7275
5907,2,4.808,10.0952,41.3098,59.3058,58.3757,72.6413
5921,2,4.9292,9.9834,48.4368,66.4904,65.5623,88.3406
5950,2,1.8263,14.8532,61.4371,76.1545,75.2215,87.1078
5984,2,5.3295,7.0778,26.3826,52.6082,51.6873,72.9303
5993,2,3.9742,10.8112,53.0214,75.305,74.3747,88.2704
6008,2,2.8339,8.363,27.7729,53.8418,52.9068,79.561
6009,6,,4.9108,54.3378,83.2719,83.1539,84.2365
6011,6,,9.7839,40.7677,82.3759,82.2532,78.9341
6012,6,,,,94.6957,94.5849,83.4411
6013,6,,5.583,48.5296,63.0567,62.9413,75.3001
6016,6,,9.7866,47.6923,53.6879,53.5801,69.0591
6017,6,,10.3122,66.1136,73.8999,73.7844,77.9676
6019,5,,,,,,91.4298
6020,5,,9.0328,49.3904,74.0964,73.7566,82.1559
6021,5,,12.1621,46.9411,73.8165,73.4641,82.3394
6023,5,,21.9175,49.7956,76.1258,75.7821,81.9965
6024,5,,20.0205,59.3127,102.4211,102.0792,94.5133
6025,6,,,,,,110.8298
6030,6,,10.9999,,98.5683,98.4474,88.4136
6034,5,,16.9644,40.3825,67.2241,66.8919,90.5369
6035,5,,8.6291,20.7051,60.5803,60.2414,71.2392
6036,5,5.3232,8.6594,42.9281,72.8797,72.5336,82.057
6038,5,5.6952,9.9446,50.5686,64.1064,63.7604,79.3877
6039,1,2.4481,7.6547,31.3756,65.4873,65.5235,92.9729
6040,5,3.1136,14.9624,48.0444,69.4099,69.0805,81.4629
6041,5,,5.2949,15.3593,38.5234,38.1923,67.0703
6042,1,4.4886,5.5652,18.1805,46.7145,46.7618,66.0595
6043,6,3.5006,22.4494,,100.2516,100.1409,91.4015
6046,6,,22.5959,,86.9211,86.8021,98.3517
6064,6,,8.7084,,99.2566,99.1461,85.2832
6069,6,,,,108.5996,108.4745,88.7818
6070,6,,10.1652,,89.1682,89.0568,88.0318
6071,6,,11.6585,,109.0217,108.9085,101.6628
6073,5,,12.6244,37.5317,83.2692,82.9254,90.2385
6074,5,,5.2015,42.3944,72.6969,72.3639,89.1803
6076,5,,4.811,50.3867,97.1087,96.7635,109.1131
6085,5,2.5836,,,114.4868,114.1389,111.9569
6086,1,3.2986,13.2454,52.2663,104.0859,104.134,102.5192
6088,5,3.0414,,,114.4557,114.1081,95.5477
6090,5,,13.3082,40.2586,91.6977,91.3505,83.0289
6092,5,,8.3808,44.263,76.3455,75.9989,91.0183
6094,5,,13.629,62.2344,79.4184,79.0754,89.7528
6097,5,,12.0811,35.9133,80.7714,80.4255,102.3134
6098,5,,11.6909,67.7964,91.6455,91.2968,100.039
6099,5,,15.4878,42.6243,100.2442,99.8926,104.7003
6100,5,,16.8247,56.3451,95.0097,94.6666,90.1511
6102,5,,6.4452,,90.1474,89.8073,109.874
6104,5,2.4162,20.9866,53.1562,96.0891,95.7448,88.1045
6105,5,2.5408,10.4576,64.1355,74.4408,74.0933,85.8134
6106,5,,9.4014,61.2517,81.4558,81.1164,90.0001
6107,5,,8.9265,60.3108,91.9345,91.5931,106.7729
6108,0,,8.7762,46.4338,63.1681,63.0692,86.2128
6109,5,2.4076,17.8144,69.1506,85.725,85.3703,88.8452
6111,5,2.7894,12.3998,50.7731,80.4773,80.1353,99.6557
6112,5,,9.9969,38.166,63.6828,63.3391,82.7576
6113,5,2.6156,,,,,120.073
6114,5,3.9298,11.203,56.4022,78.772,78.4266,85.1848
6115,5,2.5061,9.092,37.705,61.656,61.3146,85.5523
6118,5,,15.7379,63.4829,85.9327,85.5759,86.2919
6122,5,4.1777,15.3667,62.512,76.7607,76.4199,89.5163
6124,5,,17.1916,45.5167,92.6589,92.3116,116.9861
6125,5,,9.2192,54.3424,86.675,86.3341,94.1071
6126,5,,12.9997,50.4207,75.8285,75.4829,91.2504
6128,5,,9.0811,60.1842,99.5795,99.229,109.9435
6131,5,,,,123.349,122.9925,106.6386
6132,5,,21.5617,62.2172,89.2239,88.8847,93.9975
6133,5,,17.5123,48.5527,78.566,78.2289,99.5142
6134,5,,11.9821,51.9521,86.9938,86.6498,97.811
6136,5,,13.735,60.2684,71.4184,71.0724,84.6776
6137,5,,12.1908,62.6793,74.5972,74.2587,80.7135
6138,5,,15.772,45.3803,77.6147,77.2684,85.2358
6140,5,2.5907,14.9737,63.7065,89.9111,89.5666,86.8278
6142,5,2.3955,17.2229,48.6065,94.0751,93.7263,86.5505
6145,5,,12.9935,67.1808,98.0646,97.7133,103.6248
6148,5,,12.2435,32.7847,92.2904,91.9395,92.9285
6149,5,,8.7921,51.4521,85.6765,85.3348,93.8339
6150,5,,16.9834,60.8885,88.2969,87.9581,98.9937
6151,5,4.4758,6.8753,54.6698,89.9798,89.6268,87.5903
6153,6,,13.7308,,85.8199,85.6998,129.9395
6154,6,,,,,,130.0547
6163,6,,,,,,138.0126
6166,6,,,,,,125.0599
6169,6,,6.3532,,83.2884,83.1697,96.9786
6172,6,3.0386,10.541,,83.8385,83.7201,91.5945
6173,6,,7.5468,24.1099,71.0281,70.9131,73.4335
6174,6,,8.6356,,97.5985,97.4787,81.4209
6177,6,,19.2064,47.3878,75.376,75.2616,80.4854
6180,4,,5.8087,21.4911,51.5499,51.5177,76.4045
6184,6,2.212,12.5871,52.1387,73.6584,73.5441,75.3088
6188,5,5.3316,5.6137,22.7103,40.6481,40.3119,61.6313
6189,5,4.0878,7.0152,20.1166,43.6697,43.3265,62.4667
6191,5,5.9731,7.9285,27.7252,45.3947,45.0479,66.6588
6192,5,5.0124,7.3559,22.797,49.787,49.4535,82.7813
6193,5,7.1181,6.4786,17.5029,41.4407,41.1006,71.1007
6194,5,2.5892,15.6962,39.3225,78.326,77.9859,98.3984
6195,5,,6.3802,21.4913,45.9837,45.651,71.9285
6198,5,4.711,6.0277,32.8331,78.8388,78.4885,76.1089
6201,5,4.0579,11.423,52.6186,89.7462,89.4054,82.5431
6202,5,,18.286,,114.3788,114.0287,97.5983
6203,5,,8.2475,54.2264,106.0961,105.7412,95.7482
6209,6,,,55.4171,77.0142,76.9055,75.591
6210,6,,10.265,,94.6035,94.4939,82.1328
6216,6,,,,,,115.4479
6217,6,,9.4869,,96.7962,96.6736,92.7506
6218,6,,,,106.7168,106.5972,105.2655
6220,6,,9.4841,,87.1521,87.0337,84.4178
6221,6,,6.5535,48.5643,79.9947,79.8801,89.4393
6231,6,,,,,,90.6709
6235,6,,,,,,100.3568
6237,6,,15.2055,50.4788,78.9633,78.847,87.3099
6238,6,,12.2522,45.5526,93.8285,93.7065,85.988
6240,6,,9.8365,31.031,95.3667,95.2416,79.7562
6241,6,,11.8224,,87.3075,87.2007,77.8086
6242,5,,9.3508,34.9541,73.2445,72.9008,71.9785
6243,2,3.3414,7.6393,31.9739,54.5804,53.6565,72.9257
6244,6,4.0238,10.2301,67.8982,78.0526,77.9333,72.4272
6252,4,4.8329,,,,,127.8024
6255,4,,,,,,138.6197
6258,1,,15.8418,,129.8141,129.8541,121.0751
6268,4,,19.3553,,138.8157,138.7955,120.5262
6276,4,,,,152.8691,152.842,135.9306
6284,5,,,,117.9389,117.5891,105.198
6296,2,5.9127,8.6253,30.7278,57.7965,56.8681,80.911
6390,2,6.8129,9.6234,40.318,72.0017,71.0707,77.7794
6396,2,5.367,14.0914,35.1876,81.2914,80.3632,88.5907
6413,5,,20.8067,48.1452,81.6896,81.3424,92.0543
6424,2,3.8199,8.0156,36.8459,63.7488,62.8264,82.8674
6434,1,2.4935,5.3762,16.9624,43.6416,43.6327,65.124
6445,2,4.2551,7.8804,29.2866,60.7706,59.8367,73.162
6680,0,5.6848,15.0907,75.2665,102.2935,102.1973,106.1372
6744,4,6.0022,10.1181,29.4008,57.6944,57.6722,68.9435
6830,1,,,,,44.9255,72.0051
6897,0,,,,,76.4018,75.5908
6898,1,,,,,38.0801,60.1312
6900,6,1.256,10.57,67.0621,91.1945,91.0743,96.8519
6901,6,,10.4102,59.4272,86.8325,86.7144,77.413
6903,2,,,,,66.0237,87.3339
6904,0,,,,,75.4973,79.7033
6907,1,,,,,63.8551,74.3757
6908,0,,,,,69.1694,73.6287
6909,4,3.7486,5.5452,22.6673,48.3393,48.3064,75.7527
6911,7,,,,,56.9163,65.1637
6913,6,,,,,,101.4881
6915,4,,,,,66.8928,81.7345
6917,6,,,,,,124.4146
6918,6,,,,,,104.0884
6919,2,,,,,103.371,82.6468
6920,1,,,,,96.9617,89.0039
6922,4,,,,,54.8233,76.4477
6923,0,,,,,51.8789,64.8714
6924,0,,,,,57.2383,69.139
6926,0,,,,,56.0766,73.8778
6927,4,,,,,73.3743,78.9851
6929,3,,,,,64.1035,81.4373
6931,3,,,,,51.0632,63.2707
6932,1,,,,,44.0747,66.0569
6933,8,,,,,54.5887,66.6125
6938,3,,,,,73.1104,75.294
6940,4,,,,,49.5756,69.7582
6943,0,,,,,52.8952,68.471
6944,0,,,,,54.8416,71.4467
6945,4,,,,,66.2766,81.8592
6951,2,,,,,68.7456,85.3953
6956,2,,,,,82.27,90.3111
6957,2,,,,,94.0975,87.0797
6958,0,,,,,52.0505,76.2972
6959,0,,,,,63.5714,79.249
6960,0,,,,,50.1697,62.9033
6961,8,,,,,50.502,62.0433
6963,3,5.8624,8.7158,39.0527,66.9644,66.6417,81.7806
6966,0,,,,,65.4223,70.1468
6967,0,4.2969,6.7908,21.4067,52.4715,52.3766,70.4531
6968,6,,10.2302,33.8584,61.4413,61.2998,74.04
6969,6,,,,,65.7689,72.7674
6970,8,6.0065,7.3385,30.7852,49.7526,50.3912,65.4572
6971,8,,,,,63.6811,69.0989
6973,4,3.2804,7.9465,24.3617,56.6331,56.6072,82.6142
6974,5,5.4179,14.3852,,111.6919,111.3494,96.6067
6975,2,5.5083,8.5279,29.6808,57.992,57.0871,73.3313
6976,2,,,,,79.1201,77.2646
6979,2,,6.4703,17.083,46.8112,45.8821,60.9967
6981,1,4.965,6.7002,17.1632,46.6413,46.6854,64.8342
6982,4,3.0982,5.5468,26.0124,54.3309,54.3085,83.7291
6984,2,6.0786,8.0855,31.9929,58.6098,57.6662,75.4114
6986,0,5.8136,6.9452,27.678,54.1529,54.0288,69.0772
6987,1,4.9879,8.4065,24.0277,51.3192,51.3659,71.36
6989,0,4.3337,7.5617,37.6761,71.2192,71.085,85.5047
6990,1,5.5554,10.9503,43.7724,63.7761,63.8162,81.2575
6992,1,3.9942,7.4338,29.6463,57.7878,57.8345,70.3695
6997,4,4.1688,9.7776,48.3694,66.2862,66.2568,86.2493
7000,4,2.7211,12.7914,42.6153,64.2301,64.2017,83.2188
7002,4,3.0348,8.9354,54.8012,69.215,69.1919,85.4946
7003,1,5.6493,8.1041,33.6654,54.6268,54.6666,74.21
7008,4,4.0397,13.7573,63.5241,104.8524,104.8096,100.3759
7013,5,4.9457,3.241,6.795,25.8376,25.4968,51.5703
7014,4,5.3554,11.9765,66.3856,84.0813,84.0621,86.7494
7025,2,2.9439,9.2849,44.2936,63.4159,62.4836,77.4844
7026,0,5.8739,7.1987,28.4425,55.89,55.7956,76.5098
7028,1,5.3062,6.2863,22.0525,43.9592,43.9965,60.1571
7031,4,4.4189,8.6031,26.9204,57.4974,57.473,83.4387
7033,4,,,,,86.1342,84.0352
7036,4,5.0995,9.1263,32.0947,60.7327,60.7008,73.1677
7058,1,4.1817,9.5965,36.9801,69.5646,69.6141,89.624
7061,1,5.4183,8.9921,38.2214,67.5308,67.5765,89.5987
7062,4,5.7489,5.8663,23.5615,48.6297,48.6049,67.8269
7063,7,2.3113,12.0929,40.4063,59.5702,60.6445,74.5364
7064,0,5.2254,6.7443,46.5128,76.7232,76.6111,75.8817
7067,2,4.8417,8.1754,24.8983,53.11,52.1959,65.1217
7068,9,4.404,8.5123,36.2675,54.3378,54.3339,65.6068
7071,0,6.1911,6.1717,30.2288,55.4354,55.3342,71.884
7072,1,3.5329,8.2562,51.5374,65.5145,65.5614,72.701
7077,9,7.2183,5.6008,19.307,42.7551,42.7492,56.4703
7081,8,,,,,42.8296,61.7503
7092,0,4.6782,8.3127,53.433,64.584,64.486,75.5669
7094,4,5.2346,7.1454,22.81,53.5938,53.5757,72.7569
7096,1,3.2041,5.842,19.5342,43.8416,43.8269,67.7451
7102,4,3.1177,12.8928,65.1438,81.1148,81.0922,92.3592
7103,2,,5.5233,18.7293,47.6186,46.697,68.6826
7106,2,3.6932,6.7303,23.9689,55.2087,54.2754,82.3062
7107,0,2.7439,8.7101,32.1481,61.157,61.0593,74.8669
7109,0,4.1029,6.5759,27.7116,56.1238,56.0167,68.352
7111,1,,,,,,88.2068
7117,4,5.4272,5.9171,20.6393,46.9009,46.8766,63.6884
7119,4,4.5421,8.443,26.6674,51.341,51.3124,70.9679
7120,2,5.1835,7.5722,24.369,53.5183,52.5934,68.6159
7125,4,3.5303,7.7873,30.7047,53.1196,53.0855,74.6913
7126,1,3.2221,16.4192,56.6899,100.5334,100.5733,97.5273
7127,1,5.4111,6.2895,29.2463,49.2382,49.2781,62.5528
7130,0,3.7151,14.2955,60.6882,88.3848,88.2821,98.7605
7133,4,4.4504,7.7532,26.0221,56.6014,56.5742,81.3006
7138,1,6.1875,8.0829,47.1963,72.0828,72.3665,87.7723
7143,4,3.7527,8.0532,26.8082,54.9047,54.8794,88.2339
7147,1,4.5574,9.0487,33.9362,56.2145,56.2522,76.787
7158,2,4.7698,8.471,37.3698,58.5651,57.6404,69.5206
7160,4,4.4983,9.8737,51.2702,76.8163,76.7917,77.7334
7161,4,5.2626,6.6097,22.4674,49.7195,49.6974,66.8625
7162,4,5.5114,8.4716,24.2947,53.126,53.1007,70.5401
7163,1,5.0512,6.1187,22.061,47.6931,47.7452,68.9886
7164,5,5.1428,4.9181,30.3812,46.2159,45.8729,58.3097
7165,4,4.9618,7.7727,27.9581,53.8333,53.8089,76.8802
7169,1,3.626,18.0758,53.8006,81.6863,81.7321,84.7715
7177,2,4.6995,7.0062,22.3214,56.037,55.111,71.8757
7181,1,5.3728,13.4487,52.8271,100.2834,100.3198,98.7449
7186,2,3.6405,10.1817,35.1582,60.5415,59.6124,80.9791
7192,4,8.5414,7.9344,25.154,52.3221,52.2858,74.0085
7199,4,6.0045,5.0616,21.2414,47.3867,47.3699,71.8687
7202,4,5.5261,5.5339,21.9697,51.0398,51.0145,68.5691
7203,2,5.1262,8.3706,30.9186,55.2787,54.3566,73.3332
7207,2,5.4422,7.5072,29.7536,60.5114,59.5916,76.3507
7208,4,4.4787,7.8472,31.7688,56.2983,56.2697,78.3338
7209,1,3.1568,5.7025,19.5547,48.7225,48.7267,65.8185
7213,1,2.2913,4.9776,13.8722,43.6389,43.6275,67.7739
7217,0,3.8921,6.3821,18.8481,48.4632,48.3607,64.3064
7218,1,4.9126,11.0986,46.0417,54.8394,54.8895,77.2609
7223,2,3.9507,7.9114,35.74,65.344,64.407,81.5568
7231,4,4.2368,7.1293,23.8547,55.6883,55.6664,71.2736
7236,2,1.6586,9.1993,36.8903,58.3336,57.4011,79.5218
7244,4,4.7373,9.3603,30.2315,56.3477,56.3246,73.503
7248,4,4.6398,10.8138,49.9642,76.9726,76.9468,77.038
7250,4,6.093,5.973,17.9297,48.1814,48.1632,63.6895
7255,4,,6.8566,24.3598,57.6101,57.5814,67.5529
7258,4,5.6088,8.3954,29.6765,53.8562,53.8242,76.3801
7268,1,2.2128,6.2791,19.9424,47.3374,47.3867,68.2236
7273,2,6.1645,7.1189,22.5622,54.4692,53.5455,82.9111
7276,4,5.7412,8.8976,28.8912,59.4873,59.4634,79.062
7280,4,2.8012,9.338,36.8282,56.8299,56.8049,85.9798
7282,4,3.805,6.5701,24.5424,47.8742,47.8414,68.0264
7287,4,4.9288,8.8599,34.8514,58.5414,58.5235,76.399
7288,1,4.0332,13.0421,45.3387,73.7266,73.7732,84.9367
7296,2,4.1979,8.73,29.5369,73.1248,72.1902,89.9968
7298,2,4.2844,8.811,40.9149,63.8692,62.9258,87.409
7305,1,3.1387,9.0397,26.2582,55.0652,55.1128,81.4201
7306,0,5.0275,6.593,27.9472,60.11,60.0177,83.8425
7307,0,5.1455,13.725,48.1689,82.5421,82.4417,85.89
7314,1,4.0426,6.4094,17.9871,45.8513,45.8969,68.3246
7316,1,5.8693,14.2632,53.4279,92.5415,92.5871,83.5214
7319,1,6.3671,11.5134,37.8279,56.3509,56.3973,61.0845
7320,0,4.3127,9.0148,39.9198,84.5634,84.4597,87.9432
7322,4,1.8753,13.3282,46.3349,62.0048,61.9898,81.8566
7323,3,,,,,66.7032,78.934
7327,8,,,,,53.5991,67.3723
7328,8,2.4574,6.9952,28.7647,50.8318,51.4569,59.3407
7332,0,,7.5815,25.8072,53.9478,53.8046,71.5573
7333,2,3.4555,6.7373,21.9935,50.7183,49.7865,74.8272
7337,4,5.0684,8.5502,34.3425,57.8028,57.775,79.7465
7342,1,2.8869,10.9017,52.2,68.5827,68.63,85.3271
7343,5,4.2475,7.1991,26.0895,38.2099,37.8689,60.3194
7344,1,2.642,7.6308,28.9741,51.25,51.2946,75.7352
7346,5,4.9304,5.559,24.6609,45.5901,45.2493,66.558
7347,2,3.2969,7.9108,38.7165,57.7334,56.7876,70.7946
7349,2,5.0781,7.9205,40.0605,63.4734,62.5435,87.0842
7350,2,5.4502,8.0396,39.3205,62.7177,61.7829,85.9344
7353,1,7.2209,9.2733,55.0767,74.0239,74.0699,88.2564
7354,5,4.563,11.7641,60.1112,94.8959,94.5642,88.2532
7356,4,3.1475,11.3421,51.144,74.5865,74.5689,93.0649
7372,2,3.9272,10.2891,36.7262,65.1149,64.1725,88.6599
7373,1,5.2642,9.7704,38.9005,58.293,58.3458,83.4391
7377,4,4.3698,10.7045,42.3662,70.1794,70.1619,81.1672
7378,1,5.8461,9.9053,44.3265,55.5583,55.6058,73.625
7382,1,3.8056,6.1877,19.8268,43.6797,43.7232,58.1477
7383,0,5.6934,6.8815,18.4521,48.478,48.382,68.1914
7384,1,,12.4326,53.3313,69.2765,69.3231,78.6211
7387,0,1.9933,4.8368,16.6444,51.6968,51.5795,68.4804
7394,1,4.2677,5.0271,15.7956,45.5337,45.5832,59.5531
7396,2,6.4393,10.9838,46.5823,62.3462,61.418,67.7389
7404,1,4.2476,7.1474,20.0003,44.9433,44.9917,70.8616
7411,2,6.62,8.4333,35.2311,64.6467,63.7163,72.0373
7413,2,2.8627,7.0306,34.791,58.6754,57.7572,75.1428
7415,4,3.893,7.6898,33.8617,55.6064,55.5859,77.6754
7416,4,4.3609,11.865,62.5546,88.7757,88.7505,86.7022
7417,0,,,,,,93.6503
7418,1,5.4861,9.3388,22.8453,49.9479,49.9863,66.0382
7419,4,6.4375,7.1591,27.1811,53.5791,53.5564,74.4249
7424,2,4.6657,4.4653,17.1757,46.3991,45.4822,64.0871
7427,2,3.4113,11.648,53.0782,101.8696,100.9359,106.4447
7430,1,,9.2021,23.5178,45.9029,45.9567,74.7804
7460,2,5.5487,5.7659,22.0146,47.8392,46.9178,80.7663
7461,4,,,,,59.0401,73.5052
7471,1,5.7536,4.5906,12.2084,37.8245,37.8629,58.9802
7477,1,4.3658,10.5687,30.5341,55.7705,55.8135,76.2423
7514,1,,,,,60.9149,82.4542
7515,4,,,,,83.6877,79.1965
7516,4,4.4647,19.1812,75.6341,127.0481,127.0175,110.4081
7517,4,,19.2071,85.8895,123.9275,123.9002,120.1424
7520,2,,,,,58.6154,79.2546
7521,2,,,,,63.7815,76.7934
7523,4,,,,,78.941,85.2499
7525,4,,,,,52.3105,68.7129
7717,4,,12.101,54.6259,86.3313,86.3104,87.9491
7917,4,5.1253,16.6149,62.2955,78.9086,78.889,87.4403
7947,4,4.4085,10.0487,68.4494,91.5511,91.4754,87.4023
8077,4,4.0945,9.0394,50.0743,68.1959,68.1672,75.6506
8132,4,2.7149,10.287,47.9972,77.6166,77.5693,79.4255
8214,0,,,,,64.7305,72.5585
8222,5,2.5699,8.4584,39.0441,80.0076,79.6615,88.0415
8227,6,,,,,,101.0528
8230,5,,10.2272,,89.7266,89.394,98.2553
8231,5,,7.4537,50.7868,95.1875,94.8385,88.6675
8233,4,4.5121,10.3579,55.4091,79.4903,79.469,80.8916
8234,5,,9.2282,37.2809,79.4422,79.0952,90.6254
8235,2,6.8071,10.9637,54.7984,79.3503,78.4233,80.4556
8236,2,3.235,8.517,45.7971,75.2252,74.3015,79.93
8237,5,,11.2647,65.3703,85.3801,85.0469,85.3588
8238,4,1.7984,10.966,41.8526,62.5025,62.4676,84.682
8239,4,4.1409,7.6306,26.1792,52.8727,52.8448,61.7795
8240,5,,15.9662,60.8195,69.8796,69.546,82.7494
8241,5,2.6921,11.6657,37.5961,53.288,52.945,79.0155
8242,5,2.4621,12.7835,,118.3713,118.0233,104.431
8243,0,4.786,13.2199,59.9512,78.4601,78.3641,87.2921
8244,0,4.9712,12.802,46.6625,68.8155,68.7091,97.6281
8246,4,5.9167,13.0932,62.1615,86.7147,86.677,76.1093
8247,5,2.4926,13.89,52.284,81.3886,81.0497,86.0391
8249,5,,9.8756,51.9932,74.7818,74.4444,81.856
8256,1,,8.4766,29.5593,48.962,49.0082,75.6818
8258,5,5.7473,,,,,81.0339
8259,5,6.7179,8.7012,31.153,52.4711,52.137,76.2006
8264,8,,9.9329,26.5029,62.8187,63.4933,68.3517
8283,5,2.6395,7.7541,37.7983,69.4213,69.0742,72.4935
8284,2,5.8109,15.4275,53.2805,86.4718,85.5336,88.9262
8285,2,3.4874,7.2829,36.6987,62.4408,61.5184,72.6737
8290,2,4.6487,8.7061,26.8614,55.0478,54.1255,69.3721
8297,0,5.783,12.2632,62.9957,89.2753,89.1774,93.0991
8306,5,4.2183,10.0928,42.1355,81.6593,81.3175,90.462
8307,5,5.6273,8.2967,23.9253,51.0982,50.7628,67.5103
8311,2,4.0886,10.6394,46.1953,69.891,68.9566,71.568
8312,4,4.7157,8.1224,33.0513,62.2896,62.259,71.3305
8326,5,6.8498,7.5386,38.706,44.9317,44.5862,74.8102
8334,1,2.1113,7.4852,30.0628,57.7347,57.7841,77.3169
8335,5,3.5354,15.3938,62.2138,79.0891,78.7441,87.9738
8337,0,5.5919,14.1012,55.2828,82.6641,82.5796,81.4398
8343,1,3.3632,11.2469,46.5291,63.2241,63.2613,83.3858
8351,6,7.3285,9.8884,52.6945,67.4899,67.375,84.4675
8354,3,,10.2769,49.1023,61.4902,61.1614,84.8598
8357,8,2.8472,9.9845,36.4181,54.944,55.6115,74.6046
8365,2,4.5856,7.7603,25.068,50.3812,49.4592,80.0318
8366,1,4.6113,7.2512,21.1963,66.1038,66.148,80.387
8369,5,,27.0412,37.0834,81.4045,81.0605,86.0405
8376,6,,13.2978,49.8326,73.8602,73.7381,84.3306
8386,2,1.6818,8.6406,37.8123,59.7537,58.8199,80.9605
8387,4,4.1252,9.5554,39.9294,58.7259,58.743,79.749
8419,2,4.4863,9.7899,41.7637,69.423,68.4893,99.7333
8420,4,7.6718,12.0067,31.8257,57.7693,57.7464,80.0394
8422,5,5.3321,18.204,50.4527,102.8307,102.4821,104.5117
8424,3,4.0753,10.6678,48.4551,82.6028,80.0424,71.5851
8426,5,4.0844,2.1223,3.8142,27.3391,27.0041,51.3591
9057,5,6.3538,9.0259,25.667,54.4021,54.0693,75.7646
9058,1,6.6263,12.0956,,126.1567,126.1875,115.1257
9067,9,3.1103,11.1878,,128.1016,128.0898,103.2062
9069,9,,12.5689,42.2376,89.0995,89.0977,84.6796
9070,9,3.473,10.085,46.4018,86.8458,86.8492,81.9238
9075,9,3.6821,7.8228,61.6825,96.4813,96.4805,94.8642
9078,9,4.3534,9.7174,60.0377,102.4224,102.4271,101.6644
9079,9,,9.7684,44.8665,100.1958,100.2111,102.4821
9081,9,,9.5888,60.3822,97.8949,97.8896,92.8529
9084,9,,12.733,69.5462,112.1978,112.1932,105.3137
9085,9,,13.5886,66.6809,99.4394,99.4416,104.5397
9089,9,,11.6165,,123.4028,123.3995,90.2979
9091,9,,12.3741,41.6462,95.7291,95.7338,101.2136
9095,9,3.3087,10.3612,61.109,111.4176,111.4233,105.4348
9099,9,,10.1244,,110.727,110.7272,101.7131
9100,9,,10.0373,31.3488,72.4377,72.4356,79.3513
9102,9,2.3039,10.1695,55.682,79.009,79.0101,85.357
9103,9,,13.0754,59.4786,81.0121,81.015,84.931
9104,9,4.6499,8.3764,33.8674,58.4713,58.4773,62.9104
9105,9,2.8932,10.1353,36.8689,76.8269,76.8389,78.7859
9106,9,3.3339,9.9901,36.6653,85.7057,85.7062,88.8461
9111,9,5.4244,8.8816,54.4405,87.4802,87.4744,101.9609
9113,9,4.5138,7.0689,41.999,68.5603,68.572,77.9006
9114,9,6.1788,9.8218,61.5478,98.1697,98.1676,100.9894
9115,9,,11.6307,55.049,70.4767,70.4798,93.0276
9121,9,,12.241,62.7605,100.1311,100.1276,106.5341
9125,3,,9.2725,38.9212,72.0071,71.6895,77.2353
9128,3,1.601,9.1489,44.1554,63.8085,63.4882,72.7559
9130,3,,9.7453,43.2197,65.9055,65.583,75.8124
9131,3,1.7452,8.8007,42.0563,66.1862,65.8476,75.5552
9133,3,2.6737,8.9478,47.7941,70.6532,70.3492,76.5755
9134,3,2.9759,9.43,41.7269,67.2952,66.9709,82.6699
9298,0,4.9049,7.7147,29.8291,55.8659,55.7574,67.6156
9312,0,4.0087,10.3178,37.4775,67.8003,67.7054,82.7494
9314,0,2.8182,9.171,45.6055,70.2552,70.1551,81.6114
9321,6,7.8488,,,109.525,109.4065,88.009
9323,6,,8.4853,35.9923,51.0415,50.9426,78.466
9332,6,,,,98.5637,98.4447,95.3662
9336,1,2.0579,7.3611,50.7795,70.4485,70.4887,86.4665
9339,5,2.3997,7.9517,,102.9789,102.6218,92.3354
9343,1,3.097,12.0601,71.2367,91.5709,91.6158,96.8207
9352,5,,15.5578,,120.7976,120.4469,115.3181
9353,5,,16.8052,,120.4713,120.1196,113.6984
9363,6,2.394,,,,,114.3884
9369,5,,15.6545,48.6532,58.2607,57.9167,70.169
9371,6,,,,114.5683,114.4491,110.3732
9380,5,,16.0199,54.0842,84.9953,84.6464,89.0143
9381,1,1.7309,,,,,100.4764
9382,1,3.7561,11.5063,62.1998,114.0334,114.0809,101.2533
9383,1,1.7923,13.6706,76.5785,106.4286,106.4628,101.626
9386,6,3.8312,8.2975,51.0509,77.6699,77.5546,96.5879
9388,6,,,,106.568,106.4427,108.0685
9390,5,,4.7974,26.2822,42.0291,41.6917,68.1983
9391,5,6.2016,6.032,33.6633,51.3249,50.9848,73.0978
9392,5,6.268,5.7433,29.253,45.8127,45.4676,75.2241
9394,1,4.5379,14.1541,79.1195,113.7768,113.8217,112.5857
9395,5,4.5351,18.961,53.0097,104.7228,104.3767,92.4061
9399,5,,11.4496,63.2162,77.8492,77.5011,85.1867
9402,5,,5.7336,50.8989,65.657,65.3223,80.4349
9404,5,,13.0428,40.8741,65.7036,65.3543,83.245
9405,5,2.5696,16.1153,47.139,82.1893,81.8442,91.3895
9407,5,,10.7761,36.2451,61.9508,61.6155,80.0059
9408,5,,8.4912,43.506,110.4413,110.0955,96.0583
9409,5,8.6202,13.3575,,105.6225,105.2715,96.0072
9412,5,,4.9364,29.8815,51.0887,50.7522,75.5025
9413,5,2.9917,5.6571,21.8538,61.793,61.4441,74.1976
9416,5,3.5191,11.2601,,115.5595,115.2071,122.964
9421,5,4.1349,12.6877,54.5993,89.701,89.3559,94.9794
9427,6,,11.24,,89.3328,89.2196,78.3293
9433,6,,,,106.7107,106.5936,118.3072
9436,5,3.0838,9.0485,21.7773,64.3145,63.9813,77.1281
9437,5,2.6471,11.1217,41.9855,76.7639,76.4182,79.8953
9442,4,3.9994,15.57,70.5014,123.6615,123.6339,110.584
9450,5,3.0953,7.2959,45.7421,65.4035,65.0688,76.2909
9451,5,,11.7159,63.2151,100.2336,99.8887,95.3615
9452,5,2.5044,12.3622,57.3888,89.7722,89.4253,89.5719
9453,5,,7.2332,,116.065,115.7198,94.4611
9454,5,,,,124.3958,124.0419,89.2894
9455,5,,6.5132,53.9245,89.5403,89.2022,81.4914
9470,5,,12.6797,54.961,77.2686,76.9291,90.6025
9476,4,4.2668,14.3816,61.8874,136.4232,136.3947,125.3551
9481,5,,10.4109,,107.5357,107.1951,98.3904
9503,0,5.7782,8.3768,33.2856,63.9688,63.8732,71.8117
9506,1,5.0455,12.2472,49.5011,72.5759,72.6177,80.0837
9507,8,3.1047,8.1448,21.3021,46.0904,46.7793,57.9186
9508,1,3.7259,9.3615,47.2278,64.3314,64.3693,64.7047
9509,8,3.6322,8.3949,35.3153,58.4698,59.1449,67.4364
9510,8,,8.4098,30.5572,55.1771,55.8546,62.2048
9511,8,5.9511,8.6816,30.5465,54.3628,55.0283,67.0318
9512,8,5.622,5.5271,11.2998,39.8273,40.5102,54.3541
9513,1,,7.0101,37.7602,67.0368,67.0827,74.2575
9514,8,,7.8642,39.6562,82.3621,83.0315,75.0804
9515,8,4.5556,6.9772,22.922,50.6682,51.3473,59.208
9517,0,3.8333,6.0236,13.6907,46.4258,46.348,71.8492
9518,8,4.9498,14.8557,50.5138,86.9111,87.5917,94.7483
9519,8,6.4659,8.9619,38.3777,63.8786,64.5438,79.9133
9520,8,6.0461,10.2645,60.5666,119.5327,120.2059,115.831
9521,8,5.4987,8.5891,32.7444,67.3673,68.0378,72.6234
9522,8,5.2941,8.669,26.7961,59.6012,60.2809,61.7489
9523,1,5.6973,13.4117,51.9614,88.1198,88.1643,88.8936
9524,8,5.3334,13.3845,71.3624,98.907,99.5829,99.9294
9525,8,,9.9067,48.0497,80.6649,81.33,94.4784
9526,8,5.2256,9.8603,36.4407,55.8284,56.5,68.0742
9527,1,3.7642,13.9288,57.0451,80.0319,80.085,88.5757
9528,8,6.6726,9.0474,37.0792,88.9297,89.6117,107.8708
9529,1,3.0476,7.6092,45.5273,66.5969,66.6523,67.64
9530,1,6.419,8.6397,56.9965,126.0086,126.0539,92.4909
9531,8,6.7263,12.6409,48.5672,91.2898,91.9644,93.764
9532,8,,6.7914,46.8159,107.7638,108.4343,108.3705
9533,7,,10.2014,44.1448,87.5893,88.6945,91.2907
9534,8,,12.192,34.2454,65.0829,65.7554,72.6859
9535,8,5.2498,14.3161,64.4661,88.246,88.9245,96.0932
9536,1,6.5538,14.5558,56.1451,106.3184,106.3668,101.1466
9537,8,,10.1718,25.6776,55.3677,56.0516,67.0256
9539,8,2.9074,10.3988,34.1919,90.459,91.1231,81.2861
9540,8,,11.8288,46.4721,87.4331,88.0952,78.0769
9541,8,,8.2707,33.7241,60.7748,61.4464,71.1042
9542,7,5.5792,15.0241,58.1413,115.5528,116.643,92.2116
9543,7,6.4379,11.4664,50.3043,98.0158,99.1028,96.2805
9544,8,,8.975,27.8617,52.9084,53.5907,60.202
9545,7,7.4913,9.3161,43.1223,109.2456,110.3373,85.7489
9546,8,7.1763,,,,,150.0765
9547,8,,11.0418,33.4689,69.3243,69.9937,81.9104
9548,1,5.6182,,,,,129.6151
9549,7,6.9438,13.8645,44.0362,114.9175,116.0095,93.1819
9550,7,,,,139.9739,141.0561,131.5763
9551,1,,16.9447,,126.1516,126.1923,104.022
9552,1,,,,,,130.1157
9553,8,,10.4974,,105.1951,105.8763,103.3481
9554,7,,11.536,61.0132,112.432,113.5371,96.0057
9555,7,5.004,9.4173,61.7411,108.2831,109.3704,95.5255
9556,8,6.5314,6.2985,30.3194,64.4759,65.1575,79.1529
9557,8,2.5645,,,111.0098,111.6902,109.5807
9558,1,5.3657,11.803,76.7617,117.8765,117.916,98.5914
9559,1,,10.9916,37.7423,70.1007,70.1561,59.5653
9560,8,6.4679,8.795,29.3605,53.1295,53.8108,71.8554
9561,1,4.0757,9.8153,52.1751,95.3875,95.4323,103.0113
9562,8,4.8106,11.5953,33.7989,82.8159,83.498,95.8748
9564,8,2.008,,,,,124.4592
9565,1,,11.4922,52.7344,75.9555,76.0038,77.1127
9567,8,5.1883,9.5567,66.4716,102.6837,103.3653,115.2914
9568,8,,16.3008,51.3977,108.5406,109.2229,106.2093
9569,0,,12.0487,68.3384,106.5601,106.4598,106.0876
9571,0,,5.2866,15.9105,45.8345,45.7455,64.3983
9573,8,5.3042,7.4025,36.8578,59.4577,60.1132,73.1656
9574,7,,,,,,113.5512
9576,1,4.9232,15.6548,54.1147,109.7636,109.8093,107.9244
9577,8,,12.6922,,122.5148,123.1834,102.1324
9578,0,,15.1793,47.0196,69.7043,69.6178,82.9244
9579,1,,12.3544,56.1418,82.8204,82.8638,79.4286
9581,1,3.3324,10.4126,,121.7027,121.7401,112.903
9582,8,3.7546,10.2927,53.0236,93.0108,93.6905,98.3683
9583,7,,12.0857,66.3888,97.8612,98.9422,98.7156
9584,8,,13.3217,57.4309,84.7969,85.4754,91.2641
9585,0,1.8907,4.8209,11.4324,42.6906,42.6027,60.3219
9586,8,5.3337,,,,,100.2556
9587,8,,9.1531,67.4443,100.9334,101.6111,103.5683
9588,8,,7.9128,44.4471,78.7932,79.4646,87.926
9589,8,,9.785,54.638,76.7447,77.4251,88.6228
9590,0,4.4097,6.1544,16.1433,60.902,60.8142,59.2326
9591,1,2.8351,6.8074,21.9557,49.8435,49.8996,69.699
9592,1,,8.8056,70.4985,103.568,103.6162,97.6259
9593,8,2.6312,14.5608,61.2729,108.2381,108.9155,112.0655
9594,8,,10.4257,75.3087,109.7743,110.4414,97.7576
9595,1,,15.5597,43.8816,70.4323,70.4832,82.9624
9596,1,,9.9748,41.3527,64.6495,64.7064,75.5124
9597,8,3.3354,7.2889,37.6181,60.1785,60.8531,72.8677
9598,7,5.7239,7.9348,49.9438,99.4199,100.5119,89.2121
9599,0,6.299,14.0831,56.4649,100.422,100.334,92.1735
9600,7,3.9741,10.214,24.4989,81.5725,82.6648,91.5658
9601,8,,11.9591,60.565,76.4493,77.1282,99.6602
9602,8,4.0407,9.8165,43.0271,74.6374,75.3111,80.0361
9606,7,3.5707,6.9476,23.9833,49.7309,50.8058,65.5134
9607,3,,12.129,52.6182,110.0076,109.6785,91.6472
9608,3,2.0519,10.6852,27.6522,48.2934,47.9535,61.6368
9609,3,3.3229,9.1045,29.5754,53.9282,53.5923,77.6376
9610,3,5.6299,14.2699,38.6611,72.1991,71.8674,85.1794
9611,3,5.746,11.1456,47.1635,70.7844,70.4626,76.844
9612,3,,11.6222,42.8567,74.336,74.022,89.5733
9613,9,4.5297,15.1048,43.9609,70.0328,70.03,83.2497
9615,3,5.7122,10.9977,41.9052,88.6424,88.3209,88.7615
9616,3,2.136,13.0061,51.2436,113.0944,112.7544,96.3055
9617,3,3.0754,11.9007,43.4013,68.7219,68.3682,73.9531
9619,3,3.324,9.0276,50.2119,85.7827,85.4712,80.8024
9620,3,2.4289,10.8345,50.914,77.1895,76.8698,92.6996
9621,3,2.0257,11.2453,47.3279,93.0828,92.7585,94.9861
9622,1,4.1063,9.5867,45.2908,85.0878,85.125,94.0546
9624,3,3.9264,9.4928,41.1622,77.0833,76.7569,82.6669
9625,3,3.0251,10.2632,48.6302,103.9592,103.6307,94.6675
9626,3,,9.4372,45.9431,73.089,72.7607,80.6628
9627,3,,11.1646,52.5382,90.8364,90.5013,93.3902
9628,3,3.854,9.1488,39.4379,72.123,71.8105,81.8131
9629,3,,8.7922,39.8309,77.3703,77.0372,100.6274
9630,3,4.0153,8.8785,39.8741,82.1811,81.8637,87.8504
9631,3,4.0504,22.9683,,141.9471,141.6091,101.3304
9632,3,3.7735,10.2025,50.9852,92.9982,92.6811,94.9822
9633,3,,9.7885,44.1262,79.7705,79.4391,91.2364
9634,3,,10.8802,42.5752,100.4769,100.1425,93.8624
9635,3,,8.9345,60.7903,87.4879,87.1665,96.2391
9636,3,4.757,14.6374,,143.02,142.6867,112.2251
9637,3,2.1369,9.2009,36.5659,85.2433,84.9214,84.5363
9638,3,,12.2808,42.8007,90.3556,90.0381,91.3206
9639,3,2.032,8.1966,43.3363,76.087,75.7681,81.2842
9640,3,4.466,10.4158,52.6391,83.5003,83.1767,95.6821
9641,3,4.6051,9.8106,48.8135,90.4843,90.1714,86.0535
9642,3,2.2273,11.9659,49.4713,88.7711,88.453,98.4295
9643,3,,9.3557,46.095,81.7364,81.4205,88.1268
9644,2,1.6943,14.4231,52.6609,79.6461,78.7151,82.7077
9645,2,1.6964,11.5543,65.2016,76.876,75.9487,83.4487
9646,9,6.37,10.157,37.6669,53.5915,53.6001,64.3574
9647,9,2.5695,6.5583,24.1607,53.3659,53.3738,69.5008
9648,9,8.6512,9.5011,34.4244,59.2515,59.2537,61.8609
9649,9,7.5362,9.602,37.3874,65.4373,65.4323,77.7535
9651,9,3.984,8.7542,29.5222,48.0726,48.0848,65.8718
9653,9,6.869,6.8096,19.5053,50.7956,50.7992,61.3183
9655,9,3.5758,12.2226,36.9272,69.8058,69.8134,80.4866
9656,9,3.4885,12.051,39.2769,87.0617,87.0654,79.8542
9657,9,8.2855,6.2145,22.1512,46.3186,46.3203,60.3365
9658,9,,9.6658,32.4884,64.7334,64.7397,72.975
9659,9,8.8593,10.7492,45.8696,64.8849,64.8877,72.9023
9660,9,3.2649,4.6382,16.3653,38.4979,38.5003,55.2914
9661,9,3.3656,5.3965,16.6467,40.4424,40.4451,57.1989
9663,1,6.1224,13.7259,50.5067,72.7882,72.8186,72.1078
9664,2,3.2584,15.3961,,119.9966,119.0575,91.4104
9665,2,,13.0494,44.4008,97.4105,96.4766,91.3687
9666,2,3.1856,15.231,57.2111,122.3524,121.4078,92.3716
9667,2,4.8402,19.604,64.4942,117.1111,116.164,94.4575
9668,2,,11.822,48.2147,90.4507,89.5201,88.5647
9669,2,,15.4194,55.611,96.7572,95.8226,87.0772
9670,2,3.1728,13.9578,45.5136,122.8836,121.9366,110.8607
9671,2,,13.9195,48.3582,105.6313,104.6951,96.325
9672,2,2.7152,16.5531,51.376,101.2207,100.2835,91.3615
9673,2,5.0285,13.902,48.7269,110.2632,109.3304,93.4205
9676,2,2.2343,12.4172,67.8578,99.8409,98.9168,93.5123
9677,2,,11.4879,81.5379,120.8345,119.8871,87.7335
9678,2,,10.3722,51.1385,97.7196,96.7836,75.2847
9679,2,,12.3207,53.5958,90.3407,89.4035,75.2002
9680,2,4.1804,10.3548,41.3619,70.5073,69.5896,69.0916
9681,2,3.9706,12.499,71.3085,102.4571,101.5117,72.3808
9682,2,3.4209,13.273,54.277,85.4253,84.4936,83.1041
9683,2,3.8532,12.1155,50.3264,82.5797,81.6437,70.3246
9684,2,1.6352,17.3686,59.4813,100.1351,99.2065,90.0175
9685,2,0.9229,17.6122,63.178,100.3148,99.3723,90.7313
9686,2,1.2289,16.1713,65.8586,98.6271,97.6912,90.2234
9687,2,0.9369,15.5801,63.4079,94.1277,93.1909,94.2309
9689,2,0.872,12.45,58.0738,93.5973,92.6526,73.9704
9690,2,1.2524,10.9926,62.1922,92.2976,91.3525,81.2838
9691,1,1.7712,10.4249,52.1213,76.2111,76.2489,76.335
9692,2,,12.9122,60.2749,81.5641,80.6355,77.9477
9693,2,1.6967,10.979,62.1933,85.6955,84.768,74.6258
9694,2,1.5907,14.8735,45.9165,85.1174,84.1815,83.1034
9695,2,1.991,14.1656,50.9626,95.0973,94.1634,108.4341
9696,2,1.4822,13.7192,57.8959,87.4912,86.5589,83.6665
9697,9,3.4378,11.4287,44.2886,61.3734,61.3783,79.2019
9698,9,4.6737,10.1902,46.9188,72.7219,72.709,82.6158
9699,9,3.0134,8.0465,45.6664,61.9973,62.0064,76.0346
9700,9,2.6899,7.9636,42.9674,79.1912,79.193,81.535
9701,9,2.6853,11.975,45.0163,80.2623,80.2742,87.1533
9703,9,,14.9164,51.6211,68.0629,68.0628,78.2582
9704,9,4.3905,7.2907,51.8035,68.6087,68.6246,77.2379
9705,9,7.4082,8.906,48.0182,65.3811,65.3825,73.2041
9706,9,2.2089,11.8352,46.6676,76.8509,76.8466,96.5908
9707,9,3.1808,12.6491,54.7936,71.076,71.0715,82.2173
9708,9,,4.4729,31.2443,83.2286,83.2329,90.5832
9709,9,3.5874,10.618,53.112,71.783,71.7789,83.6091
9710,9,,11.5243,51.0968,81.4214,81.4137,82.1232
9711,9,2.2625,10.6672,43.0498,80.7324,80.7308,76.7869
9712,9,2.1974,9.973,47.7283,76.2846,76.293,78.8765
9713,9,,9.7241,47.4827,66.6491,66.6537,76.9802
9714,9,2.8746,9.2444,49.6384,80.5594,80.5587,82.4526
9716,9,5.1073,9.1002,,119.8139,119.8114,103.9052
9717,9,2.7364,10.7073,38.1483,91.5302,91.5235,91.8135
9718,9,,10.7951,35.7247,77.2226,77.2286,80.3959
9719,9,,9.2705,38.0752,56.1696,56.1781,74.3166
9720,9,7.6688,13.7846,70.0111,101.9966,101.99,102.073
9721,9,5.0232,16.4292,44.2135,76.1377,76.1431,79.3046
9722,9,,11.7814,,106.0125,106.0106,100.866
9723,9,2.9241,9.1391,36.4114,66.8,66.8025,77.7375
9725,9,4.5667,6.7839,38.0133,54.92,54.9305,63.229
9726,9,3.5637,7.7006,31.0856,54.8426,54.85,68.7714
9727,2,5.5672,10.2666,27.8974,55.3133,54.401,68.2613
9728,2,4.5034,13.6037,58.0492,88.2757,87.3536,83.4137
9729,2,4.4415,18.8714,62.0253,89.5854,88.6493,102.419
9730,2,4.5759,14.6846,55.2125,107.3773,106.4357,94.7496
9731,2,4.9899,16.5502,56.6287,76.7305,75.8035,98.2003
9732,2,,15.0144,65.279,98.7314,97.7872,87.9033
9733,2,,21.526,52.7378,94.3067,93.3762,85.9879
9735,2,4.504,16.4708,53.7189,84.649,83.7193,91.3247
9736,1,1.8287,9.1413,53.7517,84.41,84.4576,80.3098
9737,3,2.4803,10.5818,59.0229,66.5749,66.2523,88.8364
9738,1,4.2087,12.2846,54.1678,77.2395,77.2825,81.2825
9739,2,,7.2362,50.0108,79.1905,78.2523,91.8389
9741,2,1.5476,12.0791,58.4142,82.2068,81.2834,93.8757
9743,1,3.6366,13.0053,56.8857,78.5141,78.5586,81.8889
9744,1,1.8505,10.7715,42.6731,66.9544,67.0087,81.1378
9745,3,4.3932,7.4175,47.0532,78.6506,78.3283,82.6572
9747,2,1.6987,13.2253,73.8897,105.1313,104.2011,91.8614
9748,1,3.0223,12.0725,52.5015,89.6161,89.6602,83.2945
9749,9,,10.2187,56.5303,62.1124,62.121,76.5442
9754,1,4.7209,,,,,81.5886
9755,9,,10.503,55.0802,80.217,80.22,90.3
9756,2,,12.1371,45.9966,83.5976,82.6607,94.4868
9757,9,2.4374,10.9163,53.8208,91.0914,91.0856,95.1459
9758,3,4.1752,8.716,33.7309,75.5649,75.232,74.4073
9759,9,4.8462,8.3653,33.7361,57.0654,57.0683,63.6882
9761,2,7.1857,7.2379,52.5611,68.6055,67.6722,71.2831
9762,1,4.1188,12.1987,42.8522,76.3037,76.3545,97.5567
9764,1,1.8805,6.6292,45.7742,66.4009,66.4483,72.2915
9766,3,2.5273,5.5552,21.0739,42.4373,42.1049,61.198
9768,2,6.801,10.768,30.7289,65.3738,64.4468,80.4694
9769,2,6.4899,8.0913,27.6186,55.4306,54.4994,72.5144
9770,2,4.62,8.862,27.3929,55.4691,54.5426,72.9811
9771,2,3.0432,7.1296,27.8285,54.9709,54.0297,68.5753
9772,2,5.5613,6.6825,24.4488,51.4932,50.5645,72.9373
9774,2,3.6063,8.1948,24.998,53.7954,52.8577,74.0364
9775,2,3.288,7.9966,30.8876,55.0371,54.1044,66.2357
9776,2,5.7693,7.1618,22.5165,68.1231,67.1836,71.3271
9777,2,,7.4603,23.743,54.3012,53.3622,72.5518
9778,2,3.2398,7.2808,41.141,59.9625,59.024,77.3956
9779,2,5.4055,7.9108,31.0209,55.4264,54.4873,69.3314
9780,2,6.2343,8.0721,27.8944,56.4792,55.5498,78.175
9781,2,5.2744,6.1379,26.7276,52.4195,51.4901,66.115
9782,2,4.677,6.1658,25.9137,55.2731,54.3394,69.3809
9783,1,5.3797,10.335,48.5057,69.9047,69.9522,78.8942
9784,2,5.4465,7.8411,27.8417,54.2121,53.2671,66.3469
9785,2,4.6662,8.8338,31.8562,55.9742,55.0402,69.3878
9786,2,4.5206,6.5311,21.7711,51.0643,50.124,70.8155
9787,2,4.9614,7.5904,30.3632,60.0366,59.1064,76.4891
9788,2,4.8681,7.8303,24.0217,49.1315,48.2014,68.5524
9789,2,6.7933,7.3318,25.5971,53.0019,52.0652,70.9705
9790,2,6.7934,7.2549,23.2678,52.5905,51.6598,72.8283
9791,2,5.6661,8.9259,20.2087,49.161,48.2305,71.3962
9792,2,5.6101,6.9354,23.913,53.486,52.5658,68.7764
9793,2,5.8705,9.3267,20.2077,73.8657,72.9329,68.08
9794,2,4.8195,7.4584,24.8802,55.2134,54.2765,75.1927
9795,2,5.044,6.375,19.337,49.0347,48.1001,63.9161
9796,2,6.7395,7.0322,29.8884,56.6936,55.763,79.3079
9797,2,5.3496,6.0443,28.787,57.1788,56.2422,74.9605
9798,2,5.4376,6.2345,24.7338,55.3441,54.4002,71.1896
9799,2,5.2877,8.3539,32.3294,61.1984,60.2728,72.2562
9800,2,4.9279,6.1303,24.91,53.2261,52.2918,74.4339
9801,2,5.1692,5.2885,17.5563,47.1538,46.222,68.1156
9802,2,4.8134,7.1442,24.9598,53.4879,52.5549,75.7228
9803,2,4.765,6.2432,24.0031,52.0342,51.1074,69.0803
9804,2,6.3883,7.8454,28.8704,56.4565,55.5224,71.7522
9805,2,6.1795,10.099,27.6751,63.7234,62.7878,76.4972
9806,2,7.4593,6.2202,21.0858,53.783,52.8558,73.0563
9807,2,4.4128,7.1543,25.6646,53.7827,52.8519,73.4897
9808,2,5.8192,12.0716,36.8889,63.6182,62.69,81.0478
9809,0,6.074,8.6169,35.3201,61.5982,61.5201,82.1495
9810,2,2.8369,9.4736,22.5023,53.0308,52.094,75.2698
9811,2,3.9042,7.1025,28.6008,55.6924,54.7607,75.6826
9812,2,5.5984,8.7549,27.43,56.4532,55.5205,73.7702
9813,2,6.0943,7.9129,27.1612,56.2481,55.3156,71.7559
9814,2,5.3777,5.7968,23.8009,59.0131,58.0936,77.3799
9815,2,5.3404,10.3485,34.2907,58.7266,57.7915,78.3489
9816,2,3.3627,5.2494,19.8358,49.8137,48.8819,69.0707
9817,8,,9.7988,29.2504,63.1812,63.8626,67.2687
9819,8,3.3835,13.4775,52.1616,97.7143,98.3907,100.6092
9820,8,,7.0066,31.0567,55.3678,56.0499,65.1971
9821,8,4.9797,12.9848,51.8318,71.5532,72.2172,82.1416
9822,8,4.8263,7.2989,37.492,61.7742,62.4589,84.7302
9823,0,2.1883,7.5921,23.2422,52.4647,52.3782,70.6437
9824,1,4.9219,,,145.9922,146.0335,117.3398
9825,8,,8.9248,37.4292,62.9758,63.6559,71.5316
9826,0,,12.621,61.435,83.2852,83.192,84.5658
9827,0,5.6175,9.058,52.6058,70.3172,70.2197,76.8506
9828,0,4.8277,13.9953,60.8158,89.0797,88.9899,89.8334
9830,1,2.2313,5.6305,37.2089,54.9526,55.0063,64.1277
9831,1,7.3831,7.8734,47.5187,91.6233,91.6707,88.3925
9832,7,5.5898,15.4761,51.2358,98.71,99.8049,98.8886
9833,8,4.3794,10.2111,46.0077,65.1106,65.786,78.5987
9834,8,,8.3453,45.6174,63.1178,63.8007,77.7816
9835,1,6.8629,11.3146,40.966,73.4102,73.4603,84.1487
9836,8,5.3768,6.5714,,127.422,128.0907,111.863
9837,7,2.1288,8.7612,57.2402,72.7755,73.8724,78.5517
9838,1,,9.8455,34.1768,70.658,70.7181,76.0918
9839,1,6.973,12.9607,,118.2164,118.2606,104.7696
9840,8,1.9893,15.5589,,119.5606,120.2312,103.1691
9841,8,,8.7085,41.1733,67.4064,68.1001,80.5447
9843,8,3.3042,9.9014,41.4187,58.1918,58.8689,65.8769
9844,8,3.4703,8.825,44.6417,83.664,84.3318,92.0856
9845,8,3.0601,6.8366,30.021,64.389,65.0594,80.2269
9846,8,3.9165,11.8736,,118.5737,119.2444,118.1523
9847,0,,6.9932,25.1358,55.3579,55.2693,67.6129
9848,8,,11.9128,47.4045,97.154,97.8126,88.3811
9849,1,5.5024,16.8113,45.3725,103.0493,103.1008,101.1292
9850,8,1.7598,8.0524,50.1127,82.3767,83.0522,98.1346
9851,0,,,,153.7008,153.6019,126.3373
9852,8,,8.6056,29.0518,66.7234,67.3925,79.0635
9853,0,,6.2953,15.9466,46.0086,45.9188,64.5031
9854,0,5.3873,7.2217,22.4496,51.1542,51.0621,66.5321
9855,8,4.4786,8.9518,38.511,61.131,61.8127,75.9139
9856,8,4.1425,11.0731,31.2416,62.95,63.6253,78.0211
9857,8,3.0996,10.1415,34.9873,65.8877,66.5763,68.8261
9858,1,6.2149,11.6784,,126.6293,126.6737,122.4272
9859,8,5.911,10.1931,27.1251,82.2245,82.9044,79.0916
9860,8,,9.5797,46.0041,63.7699,64.4493,83.533
9861,8,3.5527,9.25,62.5638,113.5273,114.2005,109.8355
9862,0,3.4754,12.3654,36.0017,64.0992,64.0113,75.0643
9864,8,6.329,7.1089,26.251,56.6496,57.3283,66.1634
9866,8,4.686,13.5157,50.6378,116.9309,117.6041,107.088
9867,8,5.2938,11.0194,74.9594,100.8376,101.5076,104.1494
9868,8,,10.1271,47.3653,68.0718,68.7524,73.2922
9869,7,,15.452,44.3034,89.1799,90.2767,88.3846
9870,8,8.3159,8.7122,60.5074,110.0296,110.6993,102.9866
9871,7,7.9536,11.9122,,125.8216,126.9134,106.7804
9873,8,,8.4212,24.4914,55.0103,55.6867,69.4028
9874,8,,5.977,30.0248,55.7679,56.4505,71.8098
9875,0,4.3744,7.2146,22.2465,55.1613,55.0656,71.2923
9876,8,5.5615,11.524,51.5546,74.2413,74.9226,90.0916
9877,1,7.6255,,,,,126.3615
9878,8,1.9027,7.8724,,115.0291,115.6912,115.4686
9879,7,,8.8164,42.4031,68.166,69.2647,71.0058
9880,8,,13.4379,51.7725,86.9236,87.609,94.3709
9881,1,6.3872,10.7527,55.9396,82.1215,82.1698,84.5091
9882,8,,8.5814,39.8669,69.7309,70.4086,81.274
9883,8,3.4733,5.5196,13.881,41.3915,42.0683,63.1586
9885,8,4.6912,13.5099,,117.9834,118.6518,118.4494
9886,8,,7.8552,38.7842,56.6559,57.3337,88.633
9887,7,5.8072,17.2939,60.0501,99.2716,100.3687,91.624
9888,8,4.4604,10.4488,59.5474,95.8513,96.5209,89.0468
9890,1,,12.1871,57.8084,97.8338,97.888,98.2442
9891,8,,5.2831,70.3958,,,85.6093
9892,1,,9.7657,43.1299,87.9978,88.041,90.6944
9894,1,7.6399,9.1733,53.4522,80.1466,80.1903,90.4027
9895,8,8.4194,9.4559,41.8369,70.2907,70.9596,78.4914
9897,1,5.0471,12.2983,55.6515,85.0099,85.057,83.3517
9898,8,4.6234,22.2915,63.0861,96.5168,97.199,100.4084
9899,8,2.6127,8.1798,37.548,57.7561,58.449,74.1335
9900,8,2.0968,6.7179,19.0318,49.4239,50.1149,56.0417
9901,8,,17.7258,68.535,101.7487,102.4259,119.3132
9902,8,3.8384,11.2457,66.3964,109.4287,110.098,100.511
9903,8,,16.0602,61.8413,107.793,108.4541,110.2812
9904,8,,10.2414,93.9705,113.7451,114.413,109.9188
9905,7,,12.4814,55.2188,103.4127,104.5109,91.9026
9906,1,,11.2839,54.1191,83.4165,83.4621,90.146
9908,0,4.9635,8.325,29.6703,56.9104,56.844,72.8957
9909,0,3.4972,11.9763,35.7786,67.2872,67.1461,93.9053
9910,0,5.6241,7.4707,23.4038,54.0226,53.9265,77.5873
9911,0,5.6267,5.8843,28.7654,54.9254,54.8234,73.6072
9912,0,5.1102,5.7086,20.1257,49.5095,,
9914,2,4.6427,9.2152,45.8661,65.7231,64.7981,80.2469
9915,2,3.9648,12.5235,65.3358,86.0165,85.0777,90.0237
9917,0,4.9236,8.9916,32.727,64.6431,64.5537,82.7873
9918,0,2.0681,13.5425,62.3886,100.0009,99.8987,88.5584
9920,4,4.7124,6.8079,30.3324,59.1497,59.1038,69.6883
9921,0,3.7051,7.6866,22.7452,58.7137,58.6375,72.1602
9924,1,5.1238,9.3397,30.3059,60.6336,60.683,69.0621
9925,0,4.9886,10.4528,64.4517,89.127,89.0199,99.6122
9926,0,3.4916,6.3199,32.0134,54.8002,54.7082,74.6588
9927,0,4.0347,10.2699,53.5767,83.4615,83.3662,94.9668
9928,0,,10.1082,59.1428,87.0988,86.9955,90.7118
9929,0,3.4313,11.1231,62.3438,98.1108,98.0051,92.6382
9930,2,5.4746,10.1637,49.9786,79.3604,78.421,81.8361
9932,1,2.6265,7.5835,57.0292,79.4597,79.4985,83.7151
9933,1,3.2371,5.1755,18.2856,52.5907,52.6373,78.9702
9935,0,5.0406,15.1864,53.3222,83.9551,83.8607,86.6212
9937,0,5.9756,9.8503,35.0896,58.2102,58.1155,74.602
9938,0,2.6836,8.2346,33.3797,84.1119,84.0041,74.7839
9939,7,2.7552,13.0026,55.4062,69.2383,70.3137,77.4735
9941,0,4.8253,7.6007,25.829,53.0257,52.9279,77.5803
9942,8,,13.0874,74.2854,109.808,110.4791,69.0682
9943,8,3.335,10.2785,32.9725,60.7982,61.4724,76.5422
9944,7,4.8117,7.8691,50.3101,76.6428,77.7374,78.1522
9945,1,3.6352,12.4823,34.1046,113.1707,113.2157,115.0449
9946,8,,10.6811,26.1098,53.8778,54.5467,64.2973
9947,7,2.9336,15.0305,,133.0351,134.119,106.3017
9948,8,4.912,,,,,107.4737
9949,0,,10.8926,44.7761,71.927,71.8336,84.2919
9950,8,3.6212,13.627,46.9882,85.6951,86.3724,101.6731
9951,3,,9.9842,36.0139,112.0162,111.698,101.4834
9952,3,4.0648,8.301,31.6202,106.7786,106.4502,89.1035
9953,3,3.2511,11.6414,43.3542,95.8898,95.5704,91.0923
9955,3,,10.0685,58.2176,75.7017,75.3725,83.5498
9956,3,,12.0226,41.4131,63.8602,63.5404,76.05
9957,3,,14.7459,58.4368,87.6269,87.3038,86.8332
9958,3,2.3513,11.032,56.1174,79.2732,78.9516,85.2037
9959,3,3.7058,13.3533,44.3085,81.4474,81.1236,84.6105
9960,3,6.6608,12.2125,48.4052,69.4855,69.1571,85.578
9962,9,3.4034,12.479,58.8701,69.9618,69.9624,79.6006
9963,9,6.0206,7.637,51.6794,64.9312,64.9378,76.6705
9964,9,4.0273,11.1332,37.4789,62.7964,62.7856,71.6891
9965,9,2.4124,10.0286,31.7754,54.3533,54.3647,72.2078
9966,9,2.8009,11.59,60.7095,78.2038,78.2028,91.8877
9968,9,5.3695,15.4374,40.1665,56.0965,56.0989,68.557
9969,9,2.2471,15.2764,39.2532,67.5222,67.5161,70.556
9970,2,2.1207,10.6923,71.5575,92.2705,91.336,92.1998
9971,2,3.3761,11.7321,60.8757,71.7477,70.8133,76.4385
9972,2,2.2537,10.7817,55.3886,69.5909,68.6607,69.3705
9973,2,4.5852,,,120.3571,119.4228,99.8188
9974,2,2.784,15.59,52.6152,103.9174,102.9761,99.6616
9975,2,2.7303,12.2663,62.0204,93.0319,92.0928,85.3789
9976,2,5.4099,10.2103,55.4002,83.1307,82.2023,84.8138
9978,2,2.7777,11.1419,48.3419,104.9992,104.0786,86.2055
9979,2,1.8712,14.7183,48.7011,79.2837,78.3567,88.4369
9980,9,,10.4711,39.8276,58.764,58.7718,70.2112
9981,9,,11.4237,29.5919,53.8453,53.8507,70.9747
9982,9,,12.3484,41.1487,77.3841,77.3876,86.923
9983,1,2.0731,9.6779,37.3962,62.0533,62.1047,65.4932
9984,1,2.1476,11.6156,46.5558,59.6315,59.6801,68.2217
9985,9,5.813,10.8136,36.3278,61.8364,61.8434,72.855
9986,9,2.2602,15.606,,84.2298,84.2272,90.8949
9987,9,3.9695,13.0555,57.4968,80.4725,80.4766,92.4745
9988,9,3.902,10.3126,78.4325,110.364,110.3571,97.0451
9990,9,2.8712,9.0746,44.0589,73.3483,73.3452,85.3841
9991,9,3.4615,15.9498,44.1403,90.9677,90.9721,92.1163
9993,1,,14.7218,48.2889,122.8388,122.8805,99.8193
9995,2,2.9834,7.042,26.252,52.5876,51.6591,70.391
9996,2,,6.5805,20.0594,49.0947,48.1628,67.5096
9997,2,,11.3943,33.3764,62.2528,61.3242,76.2617
9998,1,6.4756,6.307,27.2353,49.9146,49.9692,70.5481
9999,2,5.6805,9.0083,34.289,64.9119,63.9797,77.9225
10001,0,5.104,8.8625,33.6907,59.9342,59.8371,76.4746
10002,0,5.0275,6.0775,19.5426,53.0456,52.9591,68.8271
10004,9,4.8263,14.6438,38.5021,77.2576,77.2633,83.4028
10005,2,4.2364,13.9286,56.6469,77.9342,77.0024,82.6651
10006,9,5.1354,16.2077,,129.3062,129.3026,114.6211
10008,3,2.1804,7.2697,49.7473,75.7277,75.4125,82.3949
10009,3,2.2394,8.7691,52.3451,80.3565,80.0399,83.8065
10010,3,,10.8921,57.7165,77.917,77.6,87.8764
10011,3,1.8377,9.2213,41.8924,68.0304,67.7122,74.3119
10012,9,2.5787,9.7554,54.8526,103.7892,103.7731,114.5735
10013,9,4.2444,10.0493,48.4304,98.2178,98.2194,93.8279
10014,9,2.4621,12.8762,,129.9843,129.9963,98.4849
10015,3,4.0737,7.8938,31.4339,54.1879,53.8691,73.1208
10017,2,,13.4978,53.472,87.1168,86.1852,93.3015
10018,2,4.2528,11.7093,51.9639,91.9481,91.0182,95.8405
10020,2,1.9865,9.7443,38.5803,58.7767,57.8547,78.531
10022,1,8.6175,5.8789,28.3878,48.8198,48.8582,75.6561
10023,1,6.8606,16.8076,61.7274,93.4685,93.5017,98.45
