chromosome,start,end,Name,colour,source,phenotype
1,13352962,13375172,TPPD,acen,branching,RBN
1,27649673,27673253,PIN1,acen,branching,RBN
1,28960714,28984805,PIN6,acen,branching,RBN
1,26732940,26756469,PIN3,acen,branching,RBN
2,14104281,14125969,IAA13,acen,branching,RBN
3,23414157,23436536,CKX6,acen,branching,RBN
2,11130809,11153360,MAX1,acen,branching,RBN
2,17746069,17768468,MAX2,acen,branching,RBN
2,18548885,18571621,MAX3,acen,branching,RBN
4,15818228,15841492,MAX4,acen,branching,RBN
1,700018,721857,D27,acen,branching,RBN
3,7531384,7553560,LBO,acen,branching,RBN
1,29542340,29569811,TPS1,acen,branching,RBN
5,20890859,20914647,TPPA,acen,branching,RBN
1,29363803,29386639,TPPB,acen,branching,RBN
2,9423616,9446658,TPPE,acen,branching,RBN
4,7355257,7378730,TPPF,acen,branching,RBN
4,11883499,11906480,TPPG,acen,branching,RBN
5,26009457,26032380,TPPJ,acen,branching,RBN
4,12478040,12501298,TRE1,acen,branching,RBN
3,1023579,1045237,D14,acen,branching,RBN
2,12766208,12790069,SMXL7,acen,branching,RBN
2,16755920,16779268,SMXL8,acen,branching,RBN
5,20041829,20062735,bZIP1,acen,branching,RBN
2,7888012,7909242,bZIP2,acen,branching,RBN
5,5158194,5179365,bZIP3,acen,branching,RBN
4,16511861,16533230,bZIP11,acen,branching,RBN
1,28281698,28303008,bZIP44,acen,branching,RBN
3,21181,44487,SNRK1,acen,branching,RBN
3,17548793,17571259,TCP14,acen,branching,RBN
3,6373289,6395815,BRC1,acen,branching,RBN
3,22119505,22140472,ARGOS,acen,branching,RBN
2,19449045,19474087,CKI1,acen,branching,RBN
5,24834248,24856989,LFY,acen,branching,RBN
5,1014500,1035872,TFL1,acen,branching,RBN
5,3163382,3189448,FLC,acen,branching,RBN
1,24321373,24343999,FT,acen,branching,RBN
1,2198477,2222718,SMXL6,acen,branching,RBN
4,17606659,17628656,KAI2,acen,branching,RBN
1,13352962,13375172,TPPD,acen,branching,CL
1,27649673,27673253,PIN1,acen,branching,CL
1,28960714,28984805,PIN6,acen,branching,CL
1,26732940,26756469,PIN3,acen,branching,CL
2,14104281,14125969,IAA13,acen,branching,CL
3,23414157,23436536,CKX6,acen,branching,CL
2,11130809,11153360,MAX1,acen,branching,CL
2,17746069,17768468,MAX2,acen,branching,CL
2,18548885,18571621,MAX3,acen,branching,CL
4,15818228,15841492,MAX4,acen,branching,CL
1,700018,721857,D27,acen,branching,CL
3,7531384,7553560,LBO,acen,branching,CL
1,29542340,29569811,TPS1,acen,branching,CL
5,20890859,20914647,TPPA,acen,branching,CL
1,29363803,29386639,TPPB,acen,branching,CL
2,9423616,9446658,TPPE,acen,branching,CL
4,7355257,7378730,TPPF,acen,branching,CL
4,11883499,11906480,TPPG,acen,branching,CL
5,26009457,26032380,TPPJ,acen,branching,CL
4,12478040,12501298,TRE1,acen,branching,CL
3,1023579,1045237,D14,acen,branching,CL
2,12766208,12790069,SMXL7,acen,branching,CL
2,16755920,16779268,SMXL8,acen,branching,CL
5,20041829,20062735,bZIP1,acen,branching,CL
2,7888012,7909242,bZIP2,acen,branching,CL
5,5158194,5179365,bZIP3,acen,branching,CL
4,16511861,16533230,bZIP11,acen,branching,CL
1,28281698,28303008,bZIP44,acen,branching,CL
3,21181,44487,SNRK1,acen,branching,CL
3,17548793,17571259,TCP14,acen,branching,CL
3,6373289,6395815,BRC1,acen,branching,CL
3,22119505,22140472,ARGOS,acen,branching,CL
2,19449045,19474087,CKI1,acen,branching,CL
5,24834248,24856989,LFY,acen,branching,CL
5,1014500,1035872,TFL1,acen,branching,CL
5,3163382,3189448,FLC,acen,branching,CL
1,24321373,24343999,FT,acen,branching,CL
1,2198477,2222718,SMXL6,acen,branching,CL
4,17606659,17628656,KAI2,acen,branching,CL
1,13352962,13375172,TPPD,acen,branching,RL
1,27649673,27673253,PIN1,acen,branching,RL
1,28960714,28984805,PIN6,acen,branching,RL
1,26732940,26756469,PIN3,acen,branching,RL
2,14104281,14125969,IAA13,acen,branching,RL
3,23414157,23436536,CKX6,acen,branching,RL
2,11130809,11153360,MAX1,acen,branching,RL
2,17746069,17768468,MAX2,acen,branching,RL
2,18548885,18571621,MAX3,acen,branching,RL
4,15818228,15841492,MAX4,acen,branching,RL
1,700018,721857,D27,acen,branching,RL
3,7531384,7553560,LBO,acen,branching,RL
1,29542340,29569811,TPS1,acen,branching,RL
5,20890859,20914647,TPPA,acen,branching,RL
1,29363803,29386639,TPPB,acen,branching,RL
2,9423616,9446658,TPPE,acen,branching,RL
4,7355257,7378730,TPPF,acen,branching,RL
4,11883499,11906480,TPPG,acen,branching,RL
5,26009457,26032380,TPPJ,acen,branching,RL
4,12478040,12501298,TRE1,acen,branching,RL
3,1023579,1045237,D14,acen,branching,RL
2,12766208,12790069,SMXL7,acen,branching,RL
2,16755920,16779268,SMXL8,acen,branching,RL
5,20041829,20062735,bZIP1,acen,branching,RL
2,7888012,7909242,bZIP2,acen,branching,RL
5,5158194,5179365,bZIP3,acen,branching,RL
4,16511861,16533230,bZIP11,acen,branching,RL
1,28281698,28303008,bZIP44,acen,branching,RL
3,21181,44487,SNRK1,acen,branching,RL
3,17548793,17571259,TCP14,acen,branching,RL
3,6373289,6395815,BRC1,acen,branching,RL
3,22119505,22140472,ARGOS,acen,branching,RL
2,19449045,19474087,CKI1,acen,branching,RL
5,24834248,24856989,LFY,acen,branching,RL
5,1014500,1035872,TFL1,acen,branching,RL
5,3163382,3189448,FLC,acen,branching,RL
1,24321373,24343999,FT,acen,branching,RL
1,2198477,2222718,SMXL6,acen,branching,RL
4,17606659,17628656,KAI2,acen,branching,RL
1,8051751,8077790,GI,acen,flowering,DTF3
5,5160162,5183085,CO,acen,flowering,DTF3
1,24321373,24343999,FT,acen,flowering,DTF3
1,25972294,25996349,AP1,acen,flowering,DTF3
5,24834248,24856989,LFY,acen,flowering,DTF3
5,1014500,1035872,TFL1,acen,flowering,DTF3
2,18797505,18821125,SOC1,acen,flowering,DTF3
5,3163382,3189448,FLC,acen,flowering,DTF3
3,3219060,3242531,FLD,acen,flowering,DTF3
4,10990771,11013010,TSF,acen,flowering,DTF3
2,13967881,13993609,COP1,acen,flowering,DTF3
1,8051751,8077790,GI,acen,flowering,FT10
5,5160162,5183085,CO,acen,flowering,FT10
1,24321373,24343999,FT,acen,flowering,FT10
1,25972294,25996349,AP1,acen,flowering,FT10
5,24834248,24856989,LFY,acen,flowering,FT10
5,1014500,1035872,TFL1,acen,flowering,FT10
2,18797505,18821125,SOC1,acen,flowering,FT10
5,3163382,3189448,FLC,acen,flowering,FT10
3,3219060,3242531,FLD,acen,flowering,FT10
4,10990771,11013010,TSF,acen,flowering,FT10
2,13967881,13993609,COP1,acen,flowering,FT10
1,8051751,8077790,GI,acen,flowering,FT16
5,5160162,5183085,CO,acen,flowering,FT16
1,24321373,24343999,FT,acen,flowering,FT16
1,25972294,25996349,AP1,acen,flowering,FT16
5,24834248,24856989,LFY,acen,flowering,FT16
5,1014500,1035872,TFL1,acen,flowering,FT16
2,18797505,18821125,SOC1,acen,flowering,FT16
5,3163382,3189448,FLC,acen,flowering,FT16
3,3219060,3242531,FLD,acen,flowering,FT16
4,10990771,11013010,TSF,acen,flowering,FT16
2,13967881,13993609,COP1,acen,flowering,FT16
